id,name,model_id:id,group_id:id,perm_read,perm_write,perm_create,perm_unlink
access_oeh_medical_pediatrics_newborn,oeh.medical.pediatrics.newborn,model_oeh_medical_pediatrics_newborn,oehealth.group_oeh_medical_patient,1,0,0,0
access_oeh_medical_pediatrics_newborn_physician,oeh.medical.pediatrics.newborn,model_oeh_medical_pediatrics_newborn,oehealth.group_oeh_medical_physician,1,1,1,0
access_oeh_medical_pediatrics_newborn_manager,oeh.medical.pediatrics.newborn,model_oeh_medical_pediatrics_newborn,oehealth.group_oeh_medical_manager,1,1,1,1
access_oeh_medical_pediatrics_newborn_nurse,oeh.medical.pediatrics.newborn,model_oeh_medical_pediatrics_newborn,group_oeh_medical_nurse,1,0,0,0

access_oeh_medical_pediatrics_neonatal_apgar,oeh.medical.pediatrics.neonatal.apgar,model_oeh_medical_pediatrics_neonatal_apgar,oehealth.group_oeh_medical_patient,1,0,0,0
access_oeh_medical_pediatrics_neonatal_apgar_physician,oeh.medical.pediatrics.neonatal.apgar,model_oeh_medical_pediatrics_neonatal_apgar,oehealth.group_oeh_medical_physician,1,1,1,0
access_oeh_medical_pediatrics_neonatal_apgar_manager,oeh.medical.pediatrics.neonatal.apgar,model_oeh_medical_pediatrics_neonatal_apgar,oehealth.group_oeh_medical_manager,1,1,1,1
access_oeh_medical_pediatrics_neonatal_apgar_nurse,oeh.medical.pediatrics.neonatal.apgar,model_oeh_medical_pediatrics_neonatal_apgar,group_oeh_medical_nurse,1,0,0,0

access_oeh_medical_pediatrics_psc,oeh.medical.pediatrics.psc,model_oeh_medical_pediatrics_psc,oehealth.group_oeh_medical_patient,1,0,0,0
access_oeh_medical_pediatrics_psc_physician,oeh.medical.pediatrics.psc,model_oeh_medical_pediatrics_psc,oehealth.group_oeh_medical_physician,1,1,1,0
access_oeh_medical_pediatrics_psc_manager,oeh.medical.pediatrics.psc,model_oeh_medical_pediatrics_psc,oehealth.group_oeh_medical_manager,1,1,1,1
access_oeh_medical_pediatrics_psc_nurse,oeh.medical.pediatrics.psc,model_oeh_medical_pediatrics_psc,group_oeh_medical_nurse,1,0,0,0

access_oeh_medical_pediatrics_growth_chart_who,oeh.medical.pediatrics.growth.chart.who,model_oeh_medical_pediatrics_growth_chart_who,oehealth.group_oeh_medical_patient,1,0,0,0
access_oeh_medical_pediatrics_growth_chart_who_physician,oeh.medical.pediatrics.growth.chart.who,model_oeh_medical_pediatrics_growth_chart_who,oehealth.group_oeh_medical_physician,1,1,1,0
access_oeh_medical_pediatrics_growth_chart_who_manager,oeh.medical.pediatrics.growth.chart.who,model_oeh_medical_pediatrics_growth_chart_who,oehealth.group_oeh_medical_manager,1,1,1,1
access_oeh_medical_pediatrics_growth_chart_who_nurse,oeh.medical.pediatrics.growth.chart.who,model_oeh_medical_pediatrics_growth_chart_who,group_oeh_medical_nurse,1,0,0,0

access_oeh_medical_procedure,oeh.medical.procedure,model_oeh_medical_procedure,oehealth.group_oeh_medical_patient,1,0,0,0
access_oeh_medical_procedure_physician,oeh.medical.procedure,model_oeh_medical_procedure,oehealth.group_oeh_medical_physician,1,1,1,0
access_oeh_medical_procedure_manager,oeh.medical.procedure,model_oeh_medical_procedure,oehealth.group_oeh_medical_manager,1,1,1,1

access_oeh_medical_surgery_rcri,oeh.medical.surgery.rcri,model_oeh_medical_surgery_rcri,oehealth.group_oeh_medical_patient,1,0,0,0
access_oeh_medical_surgery_rcri_physician,oeh.medical.surgery.rcri,model_oeh_medical_surgery_rcri,oehealth.group_oeh_medical_physician,1,1,1,0
access_oeh_medical_surgery_rcri_manager,oeh.medical.surgery.rcri,model_oeh_medical_surgery_rcri,oehealth.group_oeh_medical_manager,1,1,1,1
access_oeh_medical_surgery_rcri_nurse,oeh.medical.surgery.rcri,model_oeh_medical_surgery_rcri,group_oeh_medical_nurse,1,0,0,0

access_oeh_medical_health_center_ot,oeh.medical.health.center.ot,model_oeh_medical_health_center_ot,oehealth.group_oeh_medical_patient,1,0,0,0
access_oeh_medical_health_center_ot_physician,oeh.medical.health.center.ot,model_oeh_medical_health_center_ot,oehealth.group_oeh_medical_physician,1,1,1,0
access_oeh_medical_health_center_ot_manager,oeh.medical.health.center.ot,model_oeh_medical_health_center_ot,oehealth.group_oeh_medical_manager,1,1,1,1

access_oeh_medical_surgery,oeh.medical.surgery,model_oeh_medical_surgery,oehealth.group_oeh_medical_patient,1,0,0,0
access_oeh_medical_surgery_physician,oeh.medical.surgery,model_oeh_medical_surgery,oehealth.group_oeh_medical_physician,1,1,1,0
access_oeh_medical_surgery_manager,oeh.medical.surgery,model_oeh_medical_surgery,oehealth.group_oeh_medical_manager,1,1,1,1
access_oeh_medical_surgery_nurse,oeh.medical.surgery,model_oeh_medical_surgery,group_oeh_medical_nurse,1,0,0,0

access_oeh_medical_surgery_team,oeh.medical.surgery.team,model_oeh_medical_surgery_team,oehealth.group_oeh_medical_patient,1,0,0,0
access_oeh_medical_surgery_team_physician,oeh.medical.surgery.team,model_oeh_medical_surgery_team,oehealth.group_oeh_medical_physician,1,1,1,0
access_oeh_medical_surgery_team_manager,oeh.medical.surgery.team,model_oeh_medical_surgery_team,oehealth.group_oeh_medical_manager,1,1,1,1
access_oeh_medical_surgery_team_nurse,oeh.medical.surgery.team,model_oeh_medical_surgery_team,group_oeh_medical_nurse,1,0,0,0

access_oeh_medical_surgery_supply,oeh.medical.surgery.supply,model_oeh_medical_surgery_supply,oehealth.group_oeh_medical_patient,1,0,0,0
access_oeh_medical_surgery_supply_physician,oeh.medical.surgery.supply,model_oeh_medical_surgery_supply,oehealth.group_oeh_medical_physician,1,1,1,0
access_oeh_medical_surgery_supply_manager,oeh.medical.surgery.supply,model_oeh_medical_surgery_supply,oehealth.group_oeh_medical_manager,1,1,1,1
access_oeh_medical_surgery_supply_nurse,oeh.medical.surgery.supply,model_oeh_medical_surgery_supply,group_oeh_medical_nurse,1,0,0,0

access_oeh_medical_ophthalmology,oeh.medical.ophthalmology,model_oeh_medical_ophthalmology,oehealth.group_oeh_medical_patient,1,0,0,0
access_oeh_medical_ophthalmology_physician,oeh.medical.ophthalmology,model_oeh_medical_ophthalmology,oehealth.group_oeh_medical_physician,1,1,1,0
access_oeh_medical_ophthalmology_manager,oeh.medical.ophthalmology,model_oeh_medical_ophthalmology,oehealth.group_oeh_medical_manager,1,1,1,1
access_oeh_medical_ophthalmology_nurse,oeh.medical.ophthalmology,model_oeh_medical_ophthalmology,group_oeh_medical_nurse,1,0,0,0

access_oeh_medical_ophthalmology_findings,oeh.medical.ophthalmology.findings,model_oeh_medical_ophthalmology_findings,oehealth.group_oeh_medical_patient,1,0,0,0
access_oeh_medical_ophthalmology_findings_physician,oeh.medical.ophthalmology.findings,model_oeh_medical_ophthalmology_findings,oehealth.group_oeh_medical_physician,1,1,1,0
access_oeh_medical_ophthalmology_findings_manager,oeh.medical.ophthalmology.findings,model_oeh_medical_ophthalmology_findings,oehealth.group_oeh_medical_manager,1,1,1,1
access_oeh_medical_ophthalmology_findings_nurse,oeh.medical.ophthalmology.findings,model_oeh_medical_ophthalmology_findings,group_oeh_medical_nurse,1,0,0,0

access_oeh_medical_patient_rounding_procedure,oeh.medical.patient.rounding.procedure,model_oeh_medical_patient_rounding_procedure,oehealth.group_oeh_medical_patient,1,0,0,0
access_oeh_medical_patient_rounding_procedure_physician,oeh.medical.patient.rounding.procedure,model_oeh_medical_patient_rounding_procedure,oehealth.group_oeh_medical_physician,1,1,1,0
access_oeh_medical_patient_rounding_procedure_manager,oeh.medical.patient.rounding.procedure,model_oeh_medical_patient_rounding_procedure,oehealth.group_oeh_medical_manager,1,1,1,1
access_oeh_medical_patient_rounding_procedure_nurse,oeh.medical.patient.rounding.procedure,model_oeh_medical_patient_rounding_procedure,group_oeh_medical_nurse,1,1,1,0

access_oeh_medical_patient_rounding_medicines,oeh.medical.patient.rounding.medicines,model_oeh_medical_patient_rounding_medicines,oehealth.group_oeh_medical_patient,1,0,0,0
access_oeh_medical_patient_rounding_medicines_physician,oeh.medical.patient.rounding.medicines,model_oeh_medical_patient_rounding_medicines,oehealth.group_oeh_medical_physician,1,1,1,0
access_oeh_medical_patient_rounding_medicines_manager,oeh.medical.patient.rounding.medicines,model_oeh_medical_patient_rounding_medicines,oehealth.group_oeh_medical_manager,1,1,1,1
access_oeh_medical_patient_rounding_medicines_nurse,oeh.medical.patient.rounding.medicines,model_oeh_medical_patient_rounding_medicines,group_oeh_medical_nurse,1,1,1,0

access_oeh_medical_patient_rounding,oeh.medical.patient.rounding,model_oeh_medical_patient_rounding,oehealth.group_oeh_medical_patient,1,0,0,0
access_oeh_medical_patient_rounding_physician,oeh.medical.patient.rounding,model_oeh_medical_patient_rounding,oehealth.group_oeh_medical_physician,1,1,1,0
access_oeh_medical_patient_rounding_manager,oeh.medical.patient.rounding,model_oeh_medical_patient_rounding,oehealth.group_oeh_medical_manager,1,1,1,1
access_oeh_medical_patient_rounding_nurse,oeh.medical.patient.rounding,model_oeh_medical_patient_rounding,group_oeh_medical_nurse,1,1,1,0

access_oeh_medical_patient_ambulatory_procedure,oeh.medical.patient.ambulatory.procedure,model_oeh_medical_patient_ambulatory_procedure,oehealth.group_oeh_medical_patient,1,0,0,0
access_oeh_medical_patient_ambulatory_procedure_physician,oeh.medical.patient.ambulatory.procedure,model_oeh_medical_patient_ambulatory_procedure,oehealth.group_oeh_medical_physician,1,1,1,0
access_oeh_medical_patient_ambulatory_procedure_manager,oeh.medical.patient.ambulatory.procedure,model_oeh_medical_patient_ambulatory_procedure,oehealth.group_oeh_medical_manager,1,1,1,1
access_oeh_medical_patient_ambulatory_procedure_nurse,oeh.medical.patient.ambulatory.procedure,model_oeh_medical_patient_ambulatory_procedure,group_oeh_medical_nurse,1,1,1,0

access_oeh_medical_patient_ambulatory_medicines,oeh.medical.patient.ambulatory.medicines,model_oeh_medical_patient_ambulatory_medicines,oehealth.group_oeh_medical_patient,1,0,0,0
access_oeh_medical_patient_ambulatory_medicines_physician,oeh.medical.patient.ambulatory.medicines,model_oeh_medical_patient_ambulatory_medicines,oehealth.group_oeh_medical_physician,1,1,1,0
access_oeh_medical_patient_ambulatory_medicines_manager,oeh.medical.patient.ambulatory.medicines,model_oeh_medical_patient_ambulatory_medicines,oehealth.group_oeh_medical_manager,1,1,1,1
access_oeh_medical_patient_ambulatory_medicines_nurse,oeh.medical.patient.ambulatory.medicines,model_oeh_medical_patient_ambulatory_medicines,group_oeh_medical_nurse,1,1,1,0

access_oeh_medical_patient_ambulatory,oeh.medical.patient.ambulatory,model_oeh_medical_patient_ambulatory,oehealth.group_oeh_medical_patient,1,0,0,0
access_oeh_medical_patient_ambulatory_physician,oeh.medical.patient.ambulatory,model_oeh_medical_patient_ambulatory,oehealth.group_oeh_medical_physician,1,1,1,0
access_oeh_medical_patient_ambulatory_manager,oeh.medical.patient.ambulatory,model_oeh_medical_patient_ambulatory,oehealth.group_oeh_medical_manager,1,1,1,1
access_oeh_medical_patient_ambulatory_nurse,oeh.medical.patient.ambulatory,model_oeh_medical_patient_ambulatory,oehealth.group_oeh_medical_manager,1,1,1,0

access_oeh_medical_imaging_test_type,oeh.medical.imaging.test.type,model_oeh_medical_imaging_test_type,oehealth.group_oeh_medical_patient,1,0,0,0
access_oeh_medical_imaging_test_type_physician,oeh.medical.imaging.test.type,model_oeh_medical_imaging_test_type,oehealth.group_oeh_medical_physician,1,1,1,0
access_oeh_medical_imaging_test_type_manager,oeh.medical.imaging.test.type,model_oeh_medical_imaging_test_type,oehealth.group_oeh_medical_manager,1,1,1,1
access_oeh_medical_imaging_test_type_nurse,oeh.medical.imaging.test.type,model_oeh_medical_imaging_test_type,group_oeh_medical_nurse,1,0,0,0

access_oeh_medical_imaging,oeh.medical.imaging,model_oeh_medical_imaging,oehealth.group_oeh_medical_patient,1,0,0,0
access_oeh_medical_imaging_physician,oeh.medical.imaging,model_oeh_medical_imaging,oehealth.group_oeh_medical_physician,1,1,1,0
access_oeh_medical_imaging_manager,oeh.medical.imaging,model_oeh_medical_imaging,oehealth.group_oeh_medical_manager,1,1,1,1
access_oeh_medical_imaging_nurse,oeh.medical.imaging,model_oeh_medical_imaging,group_oeh_medical_nurse,1,0,0,0

access_oeh_medical_domiciliary_unit,oeh.medical.domiciliary.unit,model_oeh_medical_domiciliary_unit,oehealth.group_oeh_medical_patient,1,0,0,0
access_oeh_medical_domiciliary_unit_physician,oeh.medical.domiciliary.unit,model_oeh_medical_domiciliary_unit,oehealth.group_oeh_medical_physician,1,1,1,0
access_oeh_medical_domiciliary_unit_manager,oeh.medical.domiciliary.unit,model_oeh_medical_domiciliary_unit,oehealth.group_oeh_medical_manager,1,1,1,1
access_oeh_medical_domiciliary_unit_nurse,oeh.medical.domiciliary.unit,model_oeh_medical_domiciliary_unit,group_oeh_medical_nurse,1,0,0,0

access_oeh_medical_ntd_chagas,oeh.medical.ntd.chagas,model_oeh_medical_ntd_chagas,oehealth.group_oeh_medical_patient,1,0,0,0
access_oeh_medical_ntd_chagas_physician,oeh.medical.ntd.chagas,model_oeh_medical_ntd_chagas,oehealth.group_oeh_medical_physician,1,1,1,0
access_oeh_medical_ntd_chagas_manager,oeh.medical.ntd.chagas,model_oeh_medical_ntd_chagas,oehealth.group_oeh_medical_manager,1,1,1,1

access_oeh_medical_ntd_dengue,oeh.medical.ntd.dengue,model_oeh_medical_ntd_dengue,oehealth.group_oeh_medical_patient,1,0,0,0
access_oeh_medical_ntd_dengue_physician,oeh.medical.ntd.dengue,model_oeh_medical_ntd_dengue,oehealth.group_oeh_medical_physician,1,1,1,0
access_oeh_medical_ntd_dengue_manager,oeh.medical.ntd.dengue,model_oeh_medical_ntd_dengue,oehealth.group_oeh_medical_manager,1,1,1,1

access_oeh_medical_appointment_register_walkin,oeh.medical.appointment.register.walkin,model_oeh_medical_appointment_register_walkin,oehealth.group_oeh_medical_patient,1,0,0,0
access_oeh_medical_appointment_register_walkin_physician,oeh.medical.appointment.register.walkin,model_oeh_medical_appointment_register_walkin,oehealth.group_oeh_medical_physician,1,1,1,0
access_oeh_medical_appointment_register_walkin_manager,oeh.medical.appointment.register.walkin,model_oeh_medical_appointment_register_walkin,oehealth.group_oeh_medical_manager,1,1,1,1
access_oeh_medical_appointment_register_walkin_nurse,oeh.medical.appointment.register.walkin,model_oeh_medical_appointment_register_walkin,group_oeh_medical_nurse,1,0,1,0

access_oeh_medical_physician_walkin_schedule,oeh.medical.physician.walkin.schedule,model_oeh_medical_physician_walkin_schedule,oehealth.group_oeh_medical_patient,1,0,0,0
access_oeh_medical_physician_walkin_schedule_physician,oeh.medical.physician.walkin.schedule,model_oeh_medical_physician_walkin_schedule,oehealth.group_oeh_medical_physician,1,1,1,0
access_oeh_medical_physician_walkin_schedule_manager,oeh.medical.physician.walkin.schedule,model_oeh_medical_physician_walkin_schedule,oehealth.group_oeh_medical_manager,1,1,1,1
access_oeh_medical_physician_walkin_schedule_nurse,oeh.medical.physician.walkin.schedule,model_oeh_medical_physician_walkin_schedule,group_oeh_medical_nurse,1,0,0,0

access_oeh_medical_patient_medical_cert,oeh.medical.patient.medical.cert,model_oeh_medical_patient_medical_cert,oehealth.group_oeh_medical_patient,1,0,0,0
access_oeh_medical_patient_medical_cert_physician,oeh.medical.patient.medical.cert,model_oeh_medical_patient_medical_cert,oehealth.group_oeh_medical_physician,1,1,1,0
access_oeh_medical_patient_medical_cert_manager,oeh.medical.patient.medical.cert,model_oeh_medical_patient_medical_cert,oehealth.group_oeh_medical_manager,1,1,1,1

access_oeh_medical_patient_family_nurse,oeh.medical.patient.family,oehealth.model_oeh_medical_patient_family,group_oeh_medical_nurse,1,1,1,0
access_oeh_medical_patient_nurse,oeh.medical.patient,oehealth.model_oeh_medical_patient,group_oeh_medical_nurse,1,1,1,0
access_oeh_medical_appointment_nurse,oeh.medical.appointment,oehealth.model_oeh_medical_appointment,group_oeh_medical_nurse,1,1,1,0
access_oeh_medical_physician_line_nurse,oeh.medical.physician.line,oehealth.model_oeh_medical_physician_line,group_oeh_medical_nurse,1,0,0,0
access_oeh_medical_physician_nurse,oeh.medical.physician,oehealth.model_oeh_medical_physician,group_oeh_medical_nurse,1,0,0,0
access_oeh_medical_ethnicity_nurse,oeh.medical.ethnicity,oehealth.model_oeh_medical_ethnicity,group_oeh_medical_nurse,1,1,1,0
access_oeh_medical_genetics_nurse,oeh.medical.genetics,oehealth.model_oeh_medical_genetics,group_oeh_medical_nurse,1,1,1,0
access_oeh_medical_insurance_nurse,oeh.medical.insurance,oehealth.model_oeh_medical_insurance,group_oeh_medical_nurse,1,1,1,0
access_oeh_medical_insurance_type_nurse,oeh.medical.insurance.type,oehealth.model_oeh_medical_insurance_type,group_oeh_medical_nurse,1,1,1,0
access_oeh_medical_degrees_nurse,oeh.medical.degrees,oehealth.model_oeh_medical_degrees,group_oeh_medical_nurse,1,1,1,0
access_oeh_medical_speciality_nurse,oeh.medical.speciality,oehealth.model_oeh_medical_speciality,group_oeh_medical_nurse,1,1,1,0
access_oeh_medical_health_center_nurse,oeh.medical.health.center,oehealth.model_oeh_medical_health_center,group_oeh_medical_nurse,1,0,0,0
access_oeh_medical_health_center_pharmacy_nurse,oeh.medical.health.center.pharmacy,oehealth.model_oeh_medical_health_center_pharmacy,group_oeh_medical_nurse,1,0,0,0
access_oeh_medical_health_center_pharmacy_line_nurse,oeh.medical.health.center.pharmacy.line,oehealth.model_oeh_medical_health_center_pharmacy_line,group_oeh_medical_nurse,1,0,0,0
access_oeh_medical_health_center_pharmacy_prescription_line_nurse,oeh.medical.health.center.pharmacy.prescription.line,oehealth.model_oeh_medical_health_center_pharmacy_prescription_line,group_oeh_medical_nurse,1,1,1,0
access_oeh_medical_medicament_nurse,oeh.medical.medicines,oehealth.model_oeh_medical_medicines,group_oeh_medical_nurse,1,1,1,0
access_oeh_medical_dose_unit_nurse,oeh.medical.dose.unit,oehealth.model_oeh_medical_dose_unit,group_oeh_medical_nurse,1,1,1,0
access_oeh_medical_drug_route_nurse,oeh.medical.drug.route,oehealth.model_oeh_medical_drug_route,group_oeh_medical_nurse,1,1,1,0
access_oeh_medical_drug_form_nurse,oeh.medical.drug.form,oehealth.model_oeh_medical_drug_form,group_oeh_medical_nurse,1,1,1,0
access_oeh_medical_dosage_nurse,oeh.medical.dosage,oehealth.model_oeh_medical_dosage,group_oeh_medical_nurse,1,1,1,0
access_oeh_medical_prescription_nurse,oeh.medical.prescription,oehealth.model_oeh_medical_prescription,group_oeh_medical_nurse,1,1,1,0
access_oeh_medical_prescription_line_nurse,oeh.medical.prescription.line,oehealth.model_oeh_medical_prescription_line,group_oeh_medical_nurse,1,1,1,0
access_oeh_medical_vaccines_nurse,oeh.medical.vaccines,oehealth.model_oeh_medical_vaccines,group_oeh_medical_nurse,1,1,1,0
access_oeh_medical_inpatient_nurse,oeh.medical.inpatient,oehealth.model_oeh_medical_inpatient,group_oeh_medical_nurse,1,1,1,0
access_oeh_medical_inpatient_mydetails_nurse,oeh.medical.inpatient.mydetails,oehealth.model_oeh_medical_inpatient_mydetails,group_oeh_medical_nurse,1,1,1,0
access_oeh_medical_health_center_building_nurse,oeh.medical.health.center.building,oehealth.model_oeh_medical_health_center_building,group_oeh_medical_nurse,1,1,1,0
access_oeh_medical_health_center_ward_nurse,oeh.medical.health.center.ward,oehealth.model_oeh_medical_health_center_ward,group_oeh_medical_nurse,1,1,1,0
access_oeh_medical_health_center_beds_nurse,oeh.medical.health.center.beds,oehealth.model_oeh_medical_health_center_beds,group_oeh_medical_nurse,1,1,1,0
access_oeh_medical_health_center_ot_nurse,oeh.medical.health.center.ot,oehealth_extra_addons.model_oeh_medical_health_center_ot,group_oeh_medical_nurse,1,1,1,0
access_oeh_medical_pathology_category_nurse,oeh.medical.pathology.category,oehealth.model_oeh_medical_pathology_category,group_oeh_medical_nurse,1,1,1,0
access_oeh_medical_pathology_nurse,oeh.medical.pathology,oehealth.model_oeh_medical_pathology,group_oeh_medical_nurse,1,1,1,0
access_product_product_nurse,product.product,product.model_product_product,group_oeh_medical_nurse,1,0,0,0
access_product_template_nurse,product.template,product.model_product_template,group_oeh_medical_nurse,1,0,0,0
access_stock_move_nurse,stock.move,stock.model_stock_move,group_oeh_medical_nurse,1,0,0,0
access_account_invoice_patient_nurse,account.invoice,account.model_account_invoice,group_oeh_medical_nurse,1,0,0,0
access_hr_employee_user_patient_nurse,hr.employee user,hr.model_hr_employee,group_oeh_medical_nurse,1,0,0,0
access_resource_resource_patient_nurse,resource.resource,resource.model_resource_resource,group_oeh_medical_nurse,1,0,0,0

access_oeh_medical_evaluation_nurse,oeh.medical.evaluation,oehealth.model_oeh_medical_evaluation,group_oeh_medical_nurse,1,0,0,0
access_oeh_medical_occupation_nurse,oeh.medical.occupation,oehealth.model_oeh_medical_occupation,group_oeh_medical_nurse,1,0,0,0
access_oeh_medical_gyneco_perinatal_monitor_nurse,oeh.medical.perinatal.monitor,oehealth.model_oeh_medical_perinatal_monitor,group_oeh_medical_nurse,1,0,0,0
access_oeh_medical_gyneco_puerperium_monitor_nurse,oeh.medical.puerperium.monitor,oehealth.model_oeh_medical_puerperium_monitor,group_oeh_medical_nurse,1,0,0,0
access_oeh_medical_gyneco_nurse,oeh.medical.gyneco,oehealth.model_oeh_medical_gyneco,group_oeh_medical_nurse,1,0,0,0
access_oeh_medical_recreational_drug_nurse,oeh.medical.recreational.drugs,oehealth.model_oeh_medical_recreational_drugs,group_oeh_medical_nurse,1,0,0,0
access_oeh_medical_lab_units_nurse,oeh.medical.lab.units,oehealth.model_oeh_medical_lab_units,group_oeh_medical_nurse,1,1,1,0
access_oeh_medical_labtest_criteria_nurse,oeh.medical.labtest.criteria,oehealth.model_oeh_medical_labtest_criteria,group_oeh_medical_nurse,1,1,1,0
access_oeh_medical_labtest_types_nurse,oeh.medical.labtest.types,oehealth.model_oeh_medical_labtest_types,group_oeh_medical_nurse,1,1,1,0
access_oeh_medical_lab_test_nurse,oeh.medical.lab.test,oehealth.model_oeh_medical_lab_test,group_oeh_medical_nurse,1,1,1,0
access_oeh_medical_lab_resultcriteria_nurse,oeh.medical.lab.resultcriteria,oehealth.model_oeh_medical_lab_resultcriteria,group_oeh_medical_nurse,1,1,1,0

access_oeh_medical_patient_call_log,oeh.medical.patient.call.log,model_oeh_medical_patient_call_log,oehealth.group_oeh_medical_patient,1,0,0,0
access_oeh_medical_patient_call_log_physician,oeh.medical.patient.call.log,model_oeh_medical_patient_call_log,oehealth.group_oeh_medical_physician,1,1,1,0
access_oeh_medical_patient_call_log_manager,oeh.medical.patient.call.log,model_oeh_medical_patient_call_log,oehealth.group_oeh_medical_manager,1,1,1,1
access_oeh_medical_patient_call_log_nurse,oeh.medical.patient.call.log,model_oeh_medical_patient_call_log,group_oeh_medical_nurse,1,1,1,0
