<?xml version="1.0" encoding="UTF-8"?>
<openerp>
	<data>
		<!-- Main Menu -->
		<menuitem name="oeHealth" id="oeh_medical_menu" icon="STOCK_ZOOM_IN"/>

        <!-- Health Centers -->

        <menuitem name="Health Centers" id="oeh_medical_hospital_menu" parent="oeh_medical_menu" sequence="1"/>

        <!-- Patient -->
		<menuitem name="Patient Management" id="oeh_medical_patients_menu" parent="oeh_medical_menu" sequence="2"/>

		<menuitem name="Physicians &amp; Appointments" id="oeh_medical_appointment_menu" parent="oeh_medical_menu" sequence="3"/>

		<!-- Config Menu -->
		<menuitem name="Configuration" id="oeh_medical_conf_menu" parent="oeh_medical_menu" sequence="13"/>
        <menuitem name="Patient" id="oeh_medical_conf_patient" parent="oeh_medical_conf_menu" sequence="4"/>
        <menuitem name="Physician" id="oeh_medical_conf_physician" parent="oeh_medical_conf_menu" sequence="5"/>
		<menuitem name="Pathology" id="oeh_medical_conf_pathology" parent="oeh_medical_conf_menu" sequence="7"/>
        <menuitem name="Health Products" id="oeh_medical_conf_medicaments" parent="oeh_medical_conf_menu" sequence="8"/>
        <menuitem name="Operational Areas" id="oeh_medical_conf_operational_areas" parent="oeh_medical_conf_menu" sequence="9"/>
		<menuitem name="Insurances" id="oeh_medical_conf_insurances" parent="oeh_medical_conf_menu" sequence="10"/>

		<!--<menuitem id="base.next_id_156" name="oeHealth Reporting" parent="base.menu_reporting" sequence="1"/>-->

		<!-- Laboratory Management -->
		<menuitem name="Laboratory" id="oeh_medical_conf_laboratory" parent="oeh_medical_conf_menu" sequence="6"/>
		<menuitem name="Laboratory" id="oeh_medical_laboratory_menu" parent="oeh_medical_menu" sequence="5"/>


	</data>
</openerp>